record_nuber,custoer_id,name,surname,address,account_id,zip_code,birthDate,national_id
1,1,Marlee,Amphlett,8048 Sycamore Parkway,32,3316,8/18/1976,3920841271
2,2,Regan,Dobrovsky,73497 Barnett Plaza,212,09127,3/18/1987,3920841271
3,3,Colan,Ace,993 Loeprich Plaza,194,7597,5/16/1993,3920841271
4,4,Nicolette,Morrallee,941 Lunder Alley,79,318,5/4/1973,3920841271
5,5,Anette,Barbisch,239 Lakewood Plaza,247,3,11/10/1992,3920841271
6,6,Patric,Dronsfield,604 2nd Alley,255,54,12/4/1993,3920841271
7,7,Theodoric,Norton,302 Weeping Birch Way,54,06,4/25/1976,3920841271
8,8,Theobald,Janousek,31 Clyde Gallagher Point,346,50,2/1/1972,3920841271
9,9,Ric,Stolte,381 Moulton Center,62,17274,3/5/1987,3920841271
10,10,Mayer,Meert,63135 Sunbrook Point,318,4151,6/20/2006,3920841271
11,11,Mario,Bettesworth,82 Bashford Street,324,2413,12/11/1979,3920841271
12,12,Uriah,Fearby,67 Truax Lane,329,466,10/6/2015,3920841271
13,13,Sunny,McCrum,9 Colorado Way,359,2913,7/13/1989,3920841271
14,14,Karlik,O'Sheeryne,8 Northport Street,394,87,10/3/1982,3920841271
15,15,Caria,Craighill,43 Vidon Crossing,265,4,7/26/2024,3920841271
16,16,Tania,Doulton,90 Logan Drive,344,96,1/14/2002,3920841271
17,17,Georgiana,Kember,5 Commercial Hill,104,240,3/17/1984,3920841271
18,18,Julius,Conduit,4 Susan Alley,142,653,12/26/1987,3920841271
19,19,Gregorius,Cleverly,8 Forest Dale Parkway,131,33,11/18/1988,3920841271
20,20,Ky,Adel,21 Prairie Rose Park,70,9134,12/10/2007,3920841271
21,21,Price,Quirke,6 Starling Circle,274,15,9/17/2024,3920841271
22,22,Alejandro,,7746 Memorial Pass,207,3,11/2/2006,3920841271
23,23,Hugibert,Oxtiby,75462 Transport Street,321,3151,7/9/2003,3920841271
24,24,Harmon,Ortet,288 Starling Park,323,994,4/9/1991,3920841271
25,25,Tressa,Whorf,6 Waubesa Pass,321,41354,8/24/1980,3920841271
26,26,Ibby,Kuhwald,1316 Delaware Street,79,10098,5/1/2020,3920841271
27,27,Claudia,Biaggi,6 Onsgard Way,145,47,11/12/2019,3920841271
28,28,Marjorie,Aspenlon,59635 Shopko Junction,60,85,4/8/1994,3920841271
29,29,Theresina,Sapson,851 Toban Center,48,5,7/17/1995,3920841271
30,30,Eadmund,Tuerena,9604 Loftsgordon Avenue,16,74,6/24/2024,
31,31,Emmott,Goulborne,2399 Hovde Court,236,2711,1/14/1990,3920841271
32,32,Kienan,Grieve,35883 Birchwood Hill,8,0053,3/11/2002,
33,33,Zonda,Fosse,9 Fulton Street,29,3,9/21/2000,3920841271
34,34,Ferdie,Issakov,6 Little Fleur Way,308,73,2/3/2023,3920841271
35,35,Tobiah,Riveles,2504 Division Junction,272,5144,3/4/1999,3920841271
36,36,Zarla,Harrowsmith,8 Coleman Lane,397,16,3/7/1995,3920841271
37,37,Neron,,7514 Trailsway Drive,183,063,7/24/2024,3920841271
38,38,Jacqueline,Gallienne,6 Golden Leaf Lane,330,22661,3/26/2008,3920841271
39,39,Malinda,Tompkin,52 Hanson Plaza,169,9,8/24/2008,3920841271
40,40,Ryan,MacFarlane,7 Westerfield Terrace,339,42593,2/7/1983,
41,41,Letta,Atton,50 Old Shore Plaza,119,4,3/31/1999,3920841271
42,42,Verile,Mauger,3579 Scofield Center,49,2144,2/21/2008,3920841271
43,43,Selestina,,6 Morning Plaza,296,8415,2/24/2021,
44,44,Cecilia,Micheu,9 Jenifer Place,204,23,9/26/2000,3920841271
45,45,Gard,Curreen,227 Lighthouse Bay Lane,335,15,11/30/2010,3920841271
46,46,Sonja,,32696 Bunker Hill Alley,169,32641,4/30/1995,3920841271
47,47,Layla,Leaming,0849 Kim Hill,7,690,8/10/2003,3920841271
48,48,Peder,Loney,01 Maple Pass,80,91,5/11/2021,
49,49,Dorie,Slorance,79 Ruskin Parkway,265,47489,8/2/2012,3920841271
50,50,Reinaldo,Threadgold,386 Service Point,24,72,5/21/1974,3920841271
51,51,Saba,Muzzollo,7458 Elgar Way,315,689,8/31/2006,3920841271
52,52,Juli,Surmeyers,330 Carpenter Circle,277,226,12/17/2013,3920841271
53,53,Pavia,Swaby,0 Spenser Parkway,392,19659,3/29/1992,3920841271
54,54,Ciro,Tyce,271 Packers Drive,52,959,12/4/1998,
55,55,Hamish,Ough,21074 Mockingbird Pass,170,9,11/9/2012,3920841271
56,56,Siusan,Hector,92649 Norway Maple Way,167,0479,5/5/2001,3920841271
57,57,Devin,Bentinck,3 Forster Hill,344,68169,11/1/1977,3920841271
58,58,Korella,Fayre,169 Hoffman Junction,11,1212,4/22/1975,3920841271
59,59,Elvyn,Wyche,620 Westerfield Parkway,96,2682,11/8/1983,3920841271
60,60,Karola,Brookes,75608 Heath Hill,328,6755,4/18/1993,3920841271
61,61,Orelie,Marcam,193 Killdeer Drive,45,84,5/27/1987,3920841271
62,62,Carmelina,Bangham,75991 Helena Point,400,6,12/24/1990,3920841271
63,63,Dillon,Sainz,3934 Sugar Center,95,41,10/27/1999,3920841271
64,64,Tobey,Harradence,97 Southridge Hill,220,9097,3/14/1981,3920841271
65,,Ollie,Joubert,512 Hanson Alley,127,019,2/13/2023,3920841271
66,66,Kean,McGaugan,2 Merry Junction,28,0,12/8/2004,3920841271
67,,Mira,Duligal,67 Blaine Plaza,316,576,10/27/2012,3920841271
68,68,Tallie,Izacenko,33 Namekagon Center,43,0,8/3/2014,3920841271
69,69,Judye,Berzons,7 Miller Circle,126,286,11/24/1977,3920841271
70,70,Briant,Morfield,1 Ronald Regan Trail,2,2149,4/6/2018,3920841271
71,71,Eugenia,Binnes,2759 Northview Avenue,206,32,10/14/2010,3920841271
72,72,Claudelle,Skelhorn,57017 Luster Way,122,92818,7/12/2010,3920841271
73,73,Gary,Flory,742 Warner Road,52,86,11/2/1976,
74,74,Zondra,Manuely,0219 Goodland Drive,172,0264,5/4/2011,3920841271
75,75,Weston,Clunan,71999 Dovetail Pass,302,14,4/25/2020,3920841271
76,76,Dewitt,Fleisch,2 Susan Avenue,73,03228,2/7/2017,3920841271
77,77,Lowrance,,11 Becker Place,287,839,2/8/1983,3920841271
78,78,Madeline,Arsnell,1884 Dixon Plaza,175,64427,7/24/1981,3920841271
79,79,Vivian,Waghorn,713 Cody Drive,298,875,3/25/1998,3920841271
80,80,Merle,Bedenham,2154 Hermina Street,69,7124,12/18/1988,3920841271
81,81,Arney,Hecks,942 Eliot Point,157,66,5/13/2016,
82,82,Daloris,Norton,79374 South Point,84,673,10/6/1995,3920841271
83,83,Loni,Davson,6273 Twin Pines Lane,262,54860,7/27/2005,3920841271
84,84,Jeffry,Abramovici,7434 Shelley Trail,69,0,10/4/1995,3920841271
85,85,Jazmin,Czadla,8 Park Meadow Court,99,342,5/11/2006,3920841271
86,86,Nolana,Dance,6 West Place,254,05357,10/29/1970,3920841271
87,87,Rad,Merveille,8118 Superior Trail,17,86155,4/25/2019,3920841271
88,88,Minna,Whitten,57 Sunnyside Trail,90,2,4/23/2017,
89,89,Jameson,Andrivot,0604 Corry Parkway,56,85,11/5/2023,3920841271
90,,Tades,Kemwall,57564 Mandrake Parkway,257,62200,6/22/2021,3920841271
91,91,Antonetta,Kennaird,14005 Oak Valley Court,172,901,11/3/2007,3920841271
92,92,Evy,Angrave,90061 Thierer Court,33,592,7/3/1996,3920841271
93,93,Mohammed,Juliff,57844 Thackeray Way,120,33983,6/23/2001,3920841271
94,94,Stacee,Eynald,260 Westend Center,222,4,12/11/1970,3920841271
95,,Hank,,6 Fallview Street,327,19036,6/28/2015,3920841271
96,96,Friedrick,Litherland,74225 Starling Drive,65,2,10/5/1971,3920841271
97,,Gaven,Sygrove,314 Anzinger Terrace,116,03,7/6/1973,3920841271
98,98,Randee,Charker,8 Corscot Street,306,95,1/3/1995,3920841271
99,99,Glennis,Ripon,6566 Gulseth Parkway,83,44,1/22/1997,3920841271
100,100,Remington,Tasker,6470 7th Park,346,7118,2/1/2018,3920841271
101,101,Jenn,,9 Saint Paul Road,109,7,11/4/2000,3920841271
102,,Gabrielle,Trazzi,93 Northwestern Way,80,851,5/20/1975,3920841271
103,103,Verney,Maps,925 Westend Circle,171,977,10/24/1980,3920841271
104,104,Miguela,Espinosa,672 Bellgrove Point,312,66,11/15/1999,3920841271
105,105,Hamid,Duesberry,201 Victoria Terrace,311,0,1/18/1979,3920841271
106,106,Purcell,Maccraw,4 Nova Junction,289,4866,11/12/1975,3920841271
107,107,Stacy,Gladbach,78689 Valley Edge Circle,69,0,8/16/2003,3920841271
108,108,Davidson,,997 Bashford Hill,45,445,3/18/1974,3920841271
109,,Frankie,Jemmison,030 Tony Parkway,393,80,6/4/2008,3920841271
110,110,Drusy,Fergie,323 Almo Circle,130,59059,11/15/1990,3920841271
111,111,Ilario,Bonniface,33 Alpine Lane,119,77654,1/26/2018,3920841271
112,,Winnifred,Jennings,76902 Victoria Court,329,22,6/8/2008,3920841271
113,113,Talia,Ferraresi,776 Sunfield Plaza,200,7,3/11/2008,3920841271
114,114,Berk,Jendrich,56 Russell Lane,363,69022,8/15/2006,3920841271
115,115,Aldis,Curnok,28 Orin Park,217,78,8/30/2012,3920841271
116,116,Joline,Janusik,860 Homewood Court,101,29,7/6/1994,3920841271
117,,Inga,Callaway,92 Amoth Circle,84,63,3/24/1984,3920841271
118,118,Bradley,Loache,613 Old Shore Hill,246,32945,12/11/1999,3920841271
119,119,Gaultiero,Michurin,27634 Little Fleur Place,91,0797,7/25/1985,3920841271
120,120,Morie,Haygreen,0 Magdeline Pass,187,7,3/30/1972,3920841271
121,121,Roselle,Goulthorp,67885 Cascade Way,308,74,8/18/2023,3920841271
122,,Elissa,Spoor,758 Southridge Point,276,0,9/16/1985,3920841271
123,123,Petra,Heiton,93 Coolidge Pass,112,4643,3/19/1989,3920841271
124,124,Yancey,Jeenes,3 Moose Lane,180,625,8/19/1975,3920841271
125,125,Margaretta,Chick,7 Hazelcrest Pass,58,1384,8/5/2009,3920841271
126,126,Wiley,Totterdill,5 Sunbrook Park,295,9318,4/6/1984,3920841271
127,127,Madel,Muff,250 Independence Park,309,34,1/29/1989,
128,128,Edythe,Pentland,1637 Parkside Alley,171,334,2/10/2023,3920841271
129,129,Ware,Hrihorovich,6 Anzinger Point,168,333,2/2/1985,3920841271
130,130,Noe,Trathan,491 Lien Center,381,96696,7/16/1981,3920841271
131,131,Willabella,Slamaker,9 Knutson Crossing,116,24,7/24/2005,3920841271
132,132,Roshelle,Morfield,63178 Dawn Plaza,385,8451,9/9/2012,3920841271
133,133,Yasmin,Boich,71627 Pine View Center,2,74940,8/2/1999,3920841271
134,134,Lizette,Symmons,4311 Brickson Park Alley,94,97,7/23/2011,3920841271
135,135,Gray,Dyerson,98 Brown Pass,49,75,11/11/1974,3920841271
136,136,Cody,Noli,235 Eagan Way,392,07891,5/13/2022,3920841271
137,137,Ashely,Phillpotts,6 Sunnyside Hill,347,23,12/6/2016,3920841271
138,,Domini,Simpkiss,8257 Redwing Court,356,0542,7/4/2024,
139,139,Hedwiga,McKnockiter,428 Loomis Circle,155,82,5/2/2012,3920841271
140,,Owen,Fullagar,8 School Center,379,33,4/28/2013,3920841271
141,141,Ross,,268 Maywood Drive,253,38,7/17/2010,3920841271
142,142,Collen,Winsom,62580 Thierer Place,116,7,2/1/1977,3920841271
143,,Grethel,Ick,2 Bluestem Avenue,112,21717,1/3/2014,3920841271
144,144,Nat,Guslon,1138 Bluejay Trail,54,276,10/6/2024,3920841271
145,145,Norbert,Hundley,33 Moulton Terrace,400,01,12/29/1970,3920841271
146,146,Jared,Febry,9 Monument Circle,87,0933,12/13/1972,3920841271
147,147,Diego,,62896 Rigney Road,90,74401,4/11/1994,3920841271
148,148,Jacki,Hankey,3 Pond Alley,360,35,10/6/1982,3920841271
149,149,Irina,Oxley,06 Lakewood Gardens Road,350,1,3/30/2013,3920841271
150,150,Marcille,Blunsom,3162 Claremont Drive,126,3331,12/9/2002,3920841271
151,151,Patrice,Garbett,74309 Fairview Lane,112,073,5/23/1992,3920841271
152,152,Heindrick,Fairburn,26 Chive Trail,368,38691,11/1/2000,3920841271
153,153,Rhetta,Warrender,06478 Alpine Court,214,0,11/19/1992,3920841271
154,154,Elmo,Parnall,4948 Shopko Parkway,138,5723,3/31/1985,3920841271
155,155,Ricki,Viegas,218 Trailsway Drive,257,735,11/27/2010,3920841271
156,156,Rod,Blazewski,5155 Brickson Park Terrace,111,5310,6/18/2024,3920841271
157,157,Rivi,Becconsall,5 Lunder Crossing,168,98750,2/29/2024,3920841271
158,158,Crosby,Haggett,3679 Goodland Avenue,380,00550,10/22/2000,3920841271
159,159,Chick,Sawers,38087 Farwell Court,201,259,10/28/1995,3920841271
160,160,Kimberley,Mateos,417 Reindahl Road,200,07,3/16/1998,3920841271
161,161,Adrea,Shinner,675 Longview Road,184,5,12/29/2008,3920841271
162,162,Carmelina,Larmouth,29 Emmet Point,206,80426,5/25/1980,3920841271
163,163,Dawna,Kingcott,778 Leroy Center,200,717,10/16/1988,3920841271
164,164,Brig,,7 Bayside Lane,351,723,12/14/2007,3920841271
165,165,Luciana,Simunek,346 Vera Drive,54,752,8/26/1983,3920841271
166,166,Madge,Eynaud,8141 Buhler Center,29,2,1/19/1979,3920841271
167,167,Maris,Townes,32 Sage Parkway,208,83,8/5/2014,3920841271
168,168,Val,,635 Farwell Lane,280,2445,3/29/1977,3920841271
169,169,Oswell,Thomelin,9 Garrison Place,143,89,1/19/2003,3920841271
170,,Mile,Pury,1786 Artisan Trail,335,7753,3/1/1999,3920841271
171,171,Tully,Wenden,2 Caliangt Center,22,453,8/26/2004,3920841271
172,172,Cecile,Kingsman,5 Ridge Oak Drive,154,8,9/5/1975,3920841271
173,173,Efren,Stilliard,88356 Melrose Point,300,5,12/24/2022,3920841271
174,174,Cyb,Arrandale,290 Haas Alley,126,2443,1/6/1988,3920841271
175,175,Fabe,Ewles,92 Lakewood Gardens Place,370,55798,8/20/2004,3920841271
176,176,Grantham,Tregiddo,3 Badeau Court,213,89,4/25/1977,3920841271
177,177,Nicoline,Clemensen,9 Ruskin Park,143,18736,9/9/2008,3920841271
178,178,Harvey,Uebel,2647 Pond Point,66,6658,4/30/2017,3920841271
179,179,Genvieve,Heinsius,26207 Washington Place,148,25,6/27/1986,3920841271
180,180,Julienne,Pieche,91 Saint Paul Drive,348,674,7/11/1972,3920841271
181,181,Rafaelita,Munton,3127 Bay Point,120,712,8/29/2009,3920841271
182,182,Felipe,MacAindreis,934 Saint Paul Way,49,11,4/18/1976,3920841271
183,183,Dorolisa,Champken,10 Starling Parkway,383,1565,1/10/1988,3920841271
184,184,Jeth,Marousek,35 Merchant Drive,177,47748,1/27/1990,3920841271
185,,Agnella,,0 Roxbury Lane,111,585,8/15/1978,3920841271
186,186,Inglebert,Scanterbury,8 John Wall Alley,294,68273,5/14/2007,3920841271
187,187,Julietta,Laviss,41 Elka Point,322,8455,3/2/1987,3920841271
188,188,Quintilla,Kaspar,442 Meadow Ridge Crossing,260,68,8/2/1972,3920841271
189,189,Rayna,Collingridge,16 Gina Trail,234,702,5/10/1997,3920841271
190,190,Kirbee,Texton,41431 Farragut Place,389,2,10/24/1992,3920841271
191,191,Holden,Cherry,0192 Moland Plaza,388,7640,7/6/2015,3920841271
192,192,Pyotr,Biddiss,8595 Sutteridge Plaza,297,322,1/7/2014,3920841271
193,193,Max,Lavies,087 Lakeland Road,201,9,5/23/1993,3920841271
194,194,Maighdiln,Dignon,3 Green Ridge Pass,352,79769,4/29/1987,3920841271
195,195,Torrie,Judron,2430 Rockefeller Crossing,289,7349,9/22/2007,3920841271
196,196,Wallas,Wynn,02393 Rockefeller Alley,354,745,12/13/1993,3920841271
197,197,Minnie,Wisher,533 Esch Park,193,6806,7/18/1991,3920841271
198,198,Cybil,Cortez,5 Merchant Hill,222,76625,11/4/1977,3920841271
199,199,Richart,Dethloff,01285 Russell Avenue,153,97,4/14/1980,3920841271
200,200,Nertie,Brockett,7 Saint Paul Junction,22,76686,8/20/2014,3920841271
201,201,Xena,Fitzsimmons,9614 8th Center,54,19852,8/29/2005,3920841271
202,202,Jeremy,Rowesby,140 Caliangt Parkway,45,34228,12/3/1974,3920841271
203,203,Ulberto,Wildish,2507 Warbler Place,65,3526,10/16/1971,3920841271
204,204,Moria,Rosenberg,60 Butterfield Park,293,7627,5/19/2021,3920841271
205,205,Hurleigh,Siddle,979 Crownhardt Road,273,75,11/29/1970,3920841271
206,206,Constantin,Carlesso,14626 Derek Avenue,129,89047,10/4/1994,3920841271
207,,Craggy,Helix,67087 Tennyson Point,14,59,5/22/2013,3920841271
208,208,Garald,McWaters,41 Stephen Terrace,288,1,12/24/1980,3920841271
209,209,Valentino,,7 Mosinee Alley,295,0,5/1/1985,3920841271
210,210,Maritsa,Realph,65736 Monica Park,195,286,1/13/2017,3920841271
211,211,Cletus,Pettican,42 Hudson Junction,319,75069,1/16/2004,3920841271
212,212,Regan,,117 Cardinal Road,200,9,5/18/1980,3920841271
213,213,Ardenia,Dykas,219 West Junction,365,203,8/1/2008,3920841271
214,214,Charmaine,Meric,75 Killdeer Lane,155,70,5/18/2009,3920841271
215,215,Florence,Saward,8 Homewood Court,198,3807,2/6/1990,3920841271
216,216,Prue,Sparling,5 Morningstar Parkway,144,93746,8/12/1991,3920841271
217,217,Berk,Osgordby,23 Russell Parkway,236,7,11/19/1999,3920841271
218,218,Tirrell,Mace,8147 Paget Crossing,64,5,12/17/2018,3920841271
219,219,Terrel,Heinig,0244 Fulton Street,53,24386,9/27/2004,3920841271
220,220,Rolland,Branford,7585 Debra Trail,349,8951,1/29/1995,3920841271
221,221,Saree,Kilius,89262 Manitowish Hill,58,52,2/24/2001,3920841271
222,222,Trula,Caplin,0 Forest Dale Center,123,92,1/13/2019,3920841271
223,223,Huntley,Keeri,6 Harper Center,30,45502,5/11/2022,3920841271
224,224,Shelden,Steenson,3813 8th Trail,222,965,6/26/1993,3920841271
225,225,Hertha,Peete,51 Daystar Lane,242,19589,11/11/1985,3920841271
226,226,Caresse,Begg,4 Stone Corner Crossing,70,2,12/13/1982,3920841271
227,,Anastassia,Cattemull,823 Comanche Drive,86,1,10/27/1973,3920841271
228,228,Honey,Whicher,62 Sloan Avenue,165,5,5/7/1975,3920841271
229,229,Jessi,Pauletti,0051 Forest Run Center,352,8,6/14/1975,3920841271
230,230,Gabie,Archibould,0 Chinook Street,243,73098,4/17/2014,3920841271
231,231,Tamarah,Cominello,953 Blaine Trail,9,82,3/4/1997,3920841271
232,232,Irwin,,8 Fieldstone Place,189,11582,5/8/1996,3920841271
233,233,Fania,Rockhall,01 Aberg Center,328,3346,10/22/1982,3920841271
234,234,Lexie,Radmore,9912 Russell Way,260,337,2/22/1987,3920841271
235,235,Chickie,Seares,046 Gulseth Center,396,9445,10/15/2002,3920841271
236,236,Anselma,Willcox,6442 Kings Lane,51,4907,8/1/1975,3920841271
237,,Dasi,Booley,863 Coleman Avenue,79,1860,4/14/2013,3920841271
238,238,Roslyn,Cockell,19 Kropf Place,233,3,5/3/2023,3920841271
239,239,Augustine,MacKey,036 Ronald Regan Plaza,231,126,5/22/2019,3920841271
240,240,Maurice,Alekseev,7475 Reindahl Way,202,8,6/13/1995,3920841271
241,241,Thibaud,Kenryd,123 Paget Parkway,247,3,12/27/1997,3920841271
242,242,Tara,Rawling,92149 Fremont Point,44,73,4/4/2016,3920841271
243,243,Simona,Postan,9253 Farmco Hill,223,2,11/4/2022,3920841271
244,244,Milicent,Brittoner,7 7th Hill,343,682,6/18/1984,3920841271
245,245,Davon,Sidary,4 Monica Junction,308,853,3/29/1996,3920841271
246,246,Camile,Checchetelli,233 Spaight Drive,145,7166,3/14/2011,3920841271
247,247,Christoffer,Obeney,30567 Lakewood Hill,11,72,3/30/2006,3920841271
248,248,Lindy,Dennitts,4480 Sachs Road,327,27522,7/10/2013,3920841271
249,249,Theresa,Duddridge,4 Hayes Junction,101,97984,9/12/1993,3920841271
250,250,Tracie,Arboin,2 Emmet Lane,287,824,7/17/1977,3920841271
251,251,Evyn,Mesias,93 Anzinger Alley,341,7,11/10/1995,3920841271
252,252,Nadiya,Keeri,8414 Cody Road,308,7,4/6/1976,3920841271
253,253,Tony,De Luna,0 Pankratz Park,117,9,9/22/1992,3920841271
254,254,Mendel,Bimson,791 Johnson Center,157,21,9/22/1971,3920841271
255,255,Laurie,,4 Manley Place,370,0,7/26/1977,3920841271
256,256,Hollis,Wayte,0533 Packers Road,89,04672,5/28/1973,3920841271
257,257,Joannes,Stride,9 Express Parkway,85,9716,9/8/1996,3920841271
258,258,Dallas,Sidgwick,51935 Lakeland Street,6,7,5/6/1988,3920841271
259,259,Dore,Jellico,31237 Sheridan Lane,340,641,11/10/2021,3920841271
260,260,Rourke,Delves,94144 Fairview Terrace,104,169,9/14/1989,3920841271
261,261,Lolita,Pittson,710 Paget Lane,184,59,9/30/1983,3920841271
262,262,Marthe,Surmon,4 Artisan Trail,9,2,6/5/1996,3920841271
263,263,Vachel,Stammirs,9650 Manufacturers Road,320,255,3/10/2009,3920841271
264,264,Fifine,Chapling,728 Center Alley,379,0965,5/17/2006,
265,265,Rochella,Marquiss,43 Hauk Point,112,78341,2/26/1978,3920841271
266,266,Trista,Cowoppe,09761 Loeprich Park,272,6660,8/30/1985,3920841271
267,267,Garrot,Wakerley,4 Rusk Trail,357,656,9/28/1999,3920841271
268,268,Kaylee,Lefley,09 Warrior Plaza,238,98728,12/31/1987,3920841271
269,269,Bunnie,Tassaker,61 Tennyson Point,285,4763,6/18/2007,3920841271
270,270,Tris,,138 Del Mar Terrace,112,282,10/7/1995,3920841271
271,271,Haily,Hortop,460 Mitchell Center,102,68305,12/27/1993,3920841271
272,272,Thaddus,Mapowder,971 Quincy Center,330,2967,1/11/1991,3920841271
273,273,Galvan,Farherty,55 Sunnyside Terrace,329,0,8/18/1974,3920841271
274,274,Aubry,Polet,77198 Thompson Hill,129,4,8/1/1979,
275,275,Antonietta,Mabbe,4 Vidon Plaza,39,157,7/31/1997,3920841271
276,276,Tam,Hordle,3 Ruskin Alley,34,32010,8/19/2001,3920841271
277,277,Leda,Withrington,139 Ryan Parkway,87,22568,1/15/2007,3920841271
278,278,Allegra,Brambley,743 Green Street,219,4577,7/3/2022,3920841271
279,279,Daffie,Carff,7979 Montana Road,261,081,4/3/1981,3920841271
280,280,Theresina,Samuel,40 Kings Crossing,198,01165,5/27/1971,3920841271
281,,Tiffani,Laise,640 Messerschmidt Hill,377,53419,5/20/2002,3920841271
282,282,Saxe,Reoch,983 Loomis Terrace,27,7,4/26/2017,3920841271
283,283,Darelle,Curnnokk,0776 Armistice Trail,37,13,8/2/2017,3920841271
284,284,Alberta,Barnson,3980 Rutledge Place,356,936,3/22/2016,3920841271
285,285,Stephan,Cheltnam,818 Pearson Parkway,134,41949,8/19/2008,3920841271
286,286,Dinny,Robeson,13 Monica Junction,77,71324,5/25/2000,3920841271
287,287,Silvanus,Pye,41930 Russell Hill,319,783,3/24/2018,3920841271
288,288,Darren,Spreckley,4 Butterfield Way,386,14844,12/11/1994,3920841271
289,289,Darn,Molen,535 Pennsylvania Lane,322,3980,2/1/2014,3920841271
290,290,Roddie,Goodier,0667 Novick Road,255,17558,8/7/2011,3920841271
291,291,Annabel,Adel,41 Bobwhite Park,14,2,2/7/2002,3920841271
292,292,Geraldine,Barlas,526 Harper Crossing,275,899,10/18/2005,
293,293,Suzette,,50029 Portage Plaza,343,00,12/31/1971,3920841271
294,294,Liesa,Sharman,028 Scott Road,331,400,11/4/2015,3920841271
295,295,Nikolaus,Hutchence,3654 Jana Street,311,5,1/21/1979,3920841271
296,296,Gracia,Danilewicz,1522 Southridge Drive,186,79,10/11/1978,3920841271
297,297,Cathrine,Dehn,6 Fordem Lane,80,30301,5/18/1980,3920841271
298,298,Levin,Arkcoll,43358 Alpine Park,88,465,10/27/1982,3920841271
299,299,Rey,de Keep,9162 Drewry Street,275,6555,1/9/2002,3920841271
300,300,Sydney,Czaja,83398 Havey Road,276,3238,5/23/1982,3920841271
301,301,Sandy,Gudgen,29 Utah Place,284,61,6/21/2023,3920841271
302,302,Gusti,Ovanesian,65 Stephen Lane,15,9130,12/30/2021,3920841271
303,303,Danella,Warin,588 Dawn Way,380,3,9/6/1990,3920841271
304,304,Iris,Braunds,7 Lakewood Gardens Avenue,9,48,7/15/1981,3920841271
305,305,Anabella,Horley,490 8th Terrace,209,70323,5/18/1983,3920841271
306,306,Kira,Caveney,080 Bluejay Way,71,45,8/4/2009,3920841271
307,307,Guss,Simla,472 Havey Parkway,188,7,8/3/1986,3920841271
308,308,Loren,Balharry,369 Ronald Regan Road,25,0477,6/15/2003,3920841271
309,309,Joli,Hanbury,18603 Artisan Crossing,95,588,9/3/2000,3920841271
310,310,Aurelie,,598 Namekagon Junction,76,90,11/25/1987,3920841271
311,311,Gillian,Peckett,6056 Hovde Alley,288,2386,5/29/2017,3920841271
312,,Salomi,Domeny,95077 Anhalt Alley,193,5479,5/29/2012,3920841271
313,313,Sibyl,Camoletto,3740 Corscot Alley,382,648,12/17/1979,3920841271
314,314,Creighton,Michelin,5028 Green Ridge Terrace,384,258,8/23/2024,3920841271
315,315,Ruthy,Tyson,0 Mariners Cove Lane,119,239,10/28/2000,3920841271
316,316,Wittie,Halligan,69 Ramsey Terrace,224,5,6/1/2014,3920841271
317,,Debee,Aslie,56298 Burning Wood Drive,141,60,8/24/2016,3920841271
318,318,Jemmy,Gerrelts,9 Continental Road,60,0,7/22/2008,3920841271
319,319,Fay,Brabham,1 Vermont Park,9,2219,4/17/2012,3920841271
320,320,Eyde,Hadkins,54539 Westerfield Place,378,44017,12/26/2022,3920841271
321,321,Rodrique,Blissett,7 Debs Court,298,80,1/2/1999,3920841271
322,322,Christophorus,Polak,84034 Moland Way,302,81512,10/17/1988,3920841271
323,323,Stephannie,Bownde,874 Meadow Vale Alley,394,296,6/14/2023,3920841271
324,324,Lesli,Carlyon,615 Scofield Avenue,153,94,8/24/2009,3920841271
325,,Corenda,Pidgley,9 Fordem Pass,221,2,3/5/1994,3920841271
326,326,Karlik,Marioneau,3 Dennis Circle,107,20827,7/31/1989,3920841271
327,327,Stacia,Bowlesworth,24 Hanson Avenue,270,968,6/25/1993,3920841271
328,,Jacques,Peizer,7 Manley Road,2,508,7/8/1990,3920841271
329,329,Valaria,Eliet,5926 4th Trail,177,8,6/8/1999,3920841271
330,330,Hildagarde,Spreckley,68 Sherman Alley,224,2,4/9/1998,3920841271
331,331,Shurlock,Stallan,09755 Comanche Lane,343,7,2/20/2000,3920841271
332,332,Pepito,Carnock,2 Bluestem Street,114,69761,3/16/1990,3920841271
333,333,Ninnetta,Caseley,75689 Hansons Alley,168,589,12/8/2014,3920841271
334,334,Mitchell,,62 West Terrace,228,47,3/25/1980,3920841271
335,335,Chalmers,Lozano,2865 Hovde Circle,290,29,4/25/2005,3920841271
336,,Corri,Witham,8 Claremont Street,355,74,1/14/2008,3920841271
337,337,Merlina,Spolton,7 Hoffman Place,253,29691,6/6/1993,3920841271
338,338,Charleen,Jiroutek,24216 Gina Park,170,0236,9/20/1997,3920841271
339,339,Moria,Hardesty,29 Westridge Lane,78,87,5/27/1972,3920841271
340,340,Al,Birkhead,4554 Service Point,80,3,3/14/2022,3920841271
341,341,Vanya,Gorler,65309 Westport Lane,97,67,3/25/2006,3920841271
342,,Redd,Snookes,2 Del Mar Lane,261,4504,6/26/2018,
343,343,Odelle,Sebley,51211 Sachtjen Parkway,201,537,9/7/1977,3920841271
344,,Hailee,Crauford,6088 Esch Alley,61,00353,3/24/1998,3920841271
345,345,Cynde,Rumble,7 Hanson Park,198,47,2/5/1989,3920841271
346,346,Ralf,Sorrell,7199 Cambridge Junction,365,498,6/16/2019,3920841271
347,,Goraud,Lockier,150 Doe Crossing Junction,65,67001,4/12/2022,3920841271
348,348,Tisha,Ingrey,03 Granby Pass,162,03,7/30/2009,3920841271
349,,Melvyn,Cunney,2950 Randy Avenue,175,61,11/15/1971,3920841271
350,350,Mary,Snary,27608 Aberg Crossing,111,53998,2/21/1973,3920841271
